{"cameraMode":{"drawMode":0,"name":"Shaded","section":"Shading Mode"},"sceneLighting":false,"audioPlay":false,"sceneViewState":{"showFog":true,"showMaterialUpdate":false,"showSkybox":false,"showFlares":true,"showImageEffects":true,"showParticleSystems":true},"in2DMode":false,"pivot":{"x":0.0,"y":0.5090000629425049,"z":-1.2410000562667847},"rotation":{"x":0.13448943197727204,"y":0.6637145280838013,"z":-0.12304612249135971,"w":0.7254375219345093},"size":0.8660253882408142,"orthographic":false}